script,count,value,txhash
OP_1 DATA_33 DATA_33 DATA_33 OP_3 OP_CHECKMULTISIG,79438,650544327199,2205ec09f13553645113b804aa2c52981c9195d1f2b416d7ceacdad781bc7133
OP_1 DATA_33 DATA_33 DATA_65 OP_3 OP_CHECKMULTISIG,14625,16830407520,dda64d7b9e3eabe6d6c06dfc3e92b15a342520c30e8d369ab0bc42fccb361a2c
OP_RETURN DATA_40,8894,53703,f3cce2db55b391ff445b316792b09cee40a76248850524c45680d53dd79d8f3a
OP_1 DATA_33 DATA_33 OP_2 OP_CHECKMULTISIG,7114,134427895646,f7c8ebc4b8038c3fa7f5a58f0e5e910ca3b14778d757110e43f5ded94b6e161f
OP_1 DATA_65 DATA_33 OP_2 OP_CHECKMULTISIG,5280,49391863,cbe571e5bd3a1db4237e4cf4df3411c7c985481b8255262a7a58b42215da4507
OP_RETURN DATA_20,1645,107270,b6dd321d075b57a9528e1d3978be012395dfed99ce994599dfe4f016145c0bbc
OP_RETURN DATA_15,1140,0,c879c00ea5fa19c88982d41e29fc220d36cafdc1be83b5ff40cfce4de0d9c2a9
OP_RETURN DATA_38,1003,0,47077d333213239627c418a38b65bac86f0842a133d1ecfda6f07be54702b0a7
OP_RETURN,843,4001,8342510d6e15cfcd9d4e490ee00958e5a7c8f34d41a7b5150ca4b4be25050326
DATA_32,735,0,2d0bbfaa415311b79812ce4ecdd408a04f23c24c251b47a60b55c0d090b40ce9
